08-04-2017 22:11,1,301.16,3.6
08-04-2017 22:13,1,301.16,3.6
08-04-2017 22:14,1,301.16,3.6
08-04-2017 22:16,1,301.16,3.6
08-04-2017 22:17,1,301.16,3.6
08-04-2017 22:19,1,301.16,3.6
08-04-2017 22:21,1,301.16,3.6
08-04-2017 22:22,1,301.16,3.6
08-04-2017 22:24,1,301.16,3.6
08-04-2017 22:25,1,301.16,3.6
08-04-2017 22:27,1,301.16,3.6
08-04-2017 22:28,1,301.16,3.6
08-04-2017 22:30,1,301.16,3.6
08-04-2017 22:31,1,301.16,3.6
08-04-2017 22:33,1,301.16,3.6
08-04-2017 22:35,1,301.16,3.6
08-04-2017 22:36,1,301.16,3.6
08-04-2017 22:38,1,301.16,3.6
08-04-2017 22:39,1,301.07,5.7
08-04-2017 22:41,1,301.16,3.6
08-04-2017 22:42,1,301.07,5.7
08-04-2017 22:44,1,301.16,3.6
08-04-2017 22:45,1,301.07,5.7
08-04-2017 22:47,1,301.16,3.6
08-04-2017 22:49,1,301.07,5.7
08-04-2017 22:51,1,301.16,3.6
08-04-2017 22:52,1,301.07,5.7
08-04-2017 22:54,1,301.16,3.6
08-04-2017 22:56,1,301.07,5.7
08-04-2017 22:57,1,301.16,3.6
08-04-2017 22:59,1,301.07,5.7
08-04-2017 23:00,1,301.16,3.6
08-04-2017 23:02,1,301.07,5.7
08-04-2017 23:03,1,301.16,3.6
08-04-2017 23:05,1,300.15,5.35
08-04-2017 23:06,1,301.16,3.6
08-04-2017 23:08,1,300.15,5.35
08-04-2017 23:10,1,301.16,3.6
08-04-2017 23:11,1,300.15,5.35
08-04-2017 23:13,1,300.15,5.35
08-04-2017 23:14,1,300.15,5.35
08-04-2017 23:16,1,300.15,5.35
08-04-2017 23:18,1,300.15,5.35
08-04-2017 23:19,1,300.15,5.35
08-04-2017 23:21,1,300.15,5.35
08-04-2017 23:22,1,300.15,5.35
08-04-2017 23:24,1,300.15,5.35
08-04-2017 23:25,1,300.15,5.35
08-04-2017 23:27,1,300.15,5.35
08-04-2017 23:28,1,300.15,5.35
08-04-2017 23:30,1,300.15,5.35
08-04-2017 23:31,1,300.15,5.35
08-04-2017 23:33,1,300.15,5.35
08-04-2017 23:34,1,300.15,5.35
08-04-2017 23:36,1,300.15,5.35
08-04-2017 23:38,1,300.15,5.35
08-04-2017 23:39,1,300.15,5.35
08-04-2017 23:41,1,300.15,5.35
08-04-2017 23:42,1,300.15,5.35
08-04-2017 23:44,75,299.91,3.1
08-04-2017 23:45,1,300.15,5.35
08-04-2017 23:47,75,299.91,3.1
08-04-2017 23:48,1,300.15,5.35
08-04-2017 23:50,75,299.91,3.1
08-04-2017 23:51,1,300.15,5.35
08-04-2017 23:53,75,299.91,3.1
08-04-2017 23:55,1,300.15,5.35
08-04-2017 23:56,75,299.92,3.1
08-04-2017 23:58,1,300.15,5.35
08-04-2017 23:59,75,299.92,3.1
08-05-2017 00:01,1,300.15,5.35
08-05-2017 00:02,75,299.92,3.1
08-05-2017 00:04,1,300.15,5.35
08-05-2017 00:06,75,299.92,3.1
08-05-2017 00:07,1,300.15,5.35
08-05-2017 00:09,40,298.6,5.35
08-05-2017 00:10,1,300.15,5.35
08-05-2017 00:12,40,298.6,5.35
08-05-2017 00:14,40,298.6,5.35
08-05-2017 00:16,40,298.6,5.35
08-05-2017 00:17,40,298.6,5.35
08-05-2017 00:19,40,298.6,5.35
08-05-2017 00:20,40,298.6,5.35
08-05-2017 00:22,40,298.6,5.35
08-05-2017 00:24,40,298.6,5.35
08-05-2017 00:25,40,298.6,5.35
08-05-2017 00:27,40,298.6,5.35
08-05-2017 00:29,40,298.6,5.35
08-05-2017 00:30,40,298.6,5.35
08-05-2017 00:32,1,298.33,3.6
08-05-2017 00:33,40,298.6,5.35
08-05-2017 00:35,1,298.33,3.6
08-05-2017 00:36,40,298.6,5.35
08-05-2017 00:38,1,298.33,3.6
08-05-2017 00:39,40,298.6,5.35
08-05-2017 00:41,1,298.33,3.6
08-05-2017 00:42,1,298.33,3.6
08-05-2017 00:44,40,298.6,5.35
08-05-2017 00:45,1,298.33,3.6
08-05-2017 00:47,40,298.6,5.35
08-05-2017 00:48,1,298.33,3.6
08-05-2017 00:50,40,298.6,5.35
08-05-2017 00:52,1,298.33,3.6
08-05-2017 00:53,40,298.6,5.35
08-05-2017 00:55,1,298.33,3.6
08-05-2017 00:56,40,298.6,5.35
08-05-2017 00:58,1,298.33,3.6
08-05-2017 00:59,40,298.6,5.35
08-05-2017 01:01,1,298.33,3.6
08-05-2017 01:02,40,298.6,5.35
08-05-2017 01:04,1,298.33,3.6
08-05-2017 01:06,40,298.6,5.35
08-05-2017 01:07,40,297.65,1.5
08-05-2017 01:09,40,298.6,5.35
08-05-2017 01:10,40,297.65,1.5
08-05-2017 01:12,40,298.6,5.35
08-05-2017 01:13,40,297.65,1.5
08-05-2017 01:15,40,297.65,1.5
08-05-2017 01:17,40,297.65,1.5
08-05-2017 01:19,40,297.65,1.5
08-05-2017 01:21,40,297.65,1.5
08-05-2017 01:22,40,297.65,1.5
08-05-2017 01:24,40,297.65,1.5
08-05-2017 01:25,40,297.65,1.5
08-05-2017 01:27,40,297.65,1.5
08-05-2017 01:29,40,297.65,1.5
08-05-2017 01:30,40,297.65,1.5
08-05-2017 01:32,40,297.65,1.5
08-05-2017 01:33,75,297.69,1.5
08-05-2017 01:35,40,297.65,1.5
08-05-2017 01:36,75,297.69,1.5
08-05-2017 01:38,40,297.65,1.5
08-05-2017 01:39,75,297.69,1.5
08-05-2017 01:41,40,297.65,1.5
08-05-2017 01:42,75,297.69,1.5
08-05-2017 01:44,40,297.65,1.5
08-05-2017 01:46,75,297.69,1.5
08-05-2017 01:47,40,297.65,1.5
08-05-2017 01:49,75,297.69,1.5
08-05-2017 01:50,40,297.65,1.5
08-05-2017 01:52,75,297.69,1.5
08-05-2017 01:54,40,297.65,1.5
08-05-2017 01:55,75,297.69,1.5
08-05-2017 01:57,40,297.65,1.5
08-05-2017 01:59,75,297.05,3.6
08-05-2017 02:00,40,297.65,1.5
08-05-2017 02:02,75,297.05,3.6
08-05-2017 02:03,40,297.65,1.5
08-05-2017 02:05,75,297.05,3.6
08-05-2017 02:06,40,297.65,1.5
08-05-2017 02:08,75,297.05,3.6
08-05-2017 02:10,40,297.65,1.5
08-05-2017 02:11,75,297.06,3.6
08-05-2017 02:13,40,297.65,1.5
08-05-2017 02:14,75,297.06,3.6
08-05-2017 02:16,75,297.06,3.6
08-05-2017 02:17,75,297.06,3.6
08-05-2017 02:19,75,297.06,3.6
08-05-2017 02:20,75,297.06,3.6
08-05-2017 02:22,75,297.06,3.6
08-05-2017 02:23,75,297.06,3.6
08-05-2017 02:25,75,297.06,3.6
08-05-2017 02:27,75,297.06,3.6
08-05-2017 02:28,75,297.06,3.6
08-05-2017 02:30,75,297.06,3.6
08-05-2017 02:32,75,297.06,3.6
08-05-2017 02:33,40,296.96,2.6
08-05-2017 02:35,75,297.06,3.6
08-05-2017 02:36,40,296.96,2.6
08-05-2017 02:38,75,297.06,3.6
08-05-2017 02:40,40,296.96,2.6
08-05-2017 02:41,75,297.06,3.6
08-05-2017 02:43,75,297.06,3.6
08-05-2017 02:44,1,296.96,5.1
08-05-2017 02:46,75,297.06,3.6
08-05-2017 02:48,1,296.96,5.1
08-05-2017 02:49,75,297.06,3.6
08-05-2017 02:51,1,296.96,5.1
08-05-2017 02:52,75,297.06,3.6
08-05-2017 02:54,1,296.96,5.1
08-05-2017 02:56,75,297.06,3.6
08-05-2017 02:57,1,296.96,5.1
08-05-2017 02:59,75,297.06,3.6
08-05-2017 03:00,1,296.96,5.1
08-05-2017 03:02,75,297.06,3.6
08-05-2017 03:03,1,296.96,5.1
08-05-2017 03:05,75,297.06,3.6
08-05-2017 03:06,1,296.96,5.1
08-05-2017 03:08,75,297.06,3.6
08-05-2017 03:09,1,296.6,2.1
08-05-2017 03:11,75,297.06,3.6
08-05-2017 03:13,1,296.6,2.1
08-05-2017 03:14,75,297.06,3.6
08-05-2017 03:16,1,296.6,2.1
08-05-2017 03:18,1,296.6,2.1
08-05-2017 03:20,1,296.6,2.1
08-05-2017 03:21,1,296.6,2.1
08-05-2017 03:23,1,296.6,2.1
08-05-2017 03:24,1,296.6,2.1
08-05-2017 03:26,1,296.6,2.1
08-05-2017 03:27,1,296.6,2.1
08-05-2017 03:29,1,296.6,2.1
08-05-2017 03:30,1,296.6,2.1
08-05-2017 03:32,75,296.5,4.6
08-05-2017 03:33,1,296.6,2.1
08-05-2017 03:35,75,296.5,4.6
08-05-2017 03:36,1,296.6,2.1
08-05-2017 03:38,75,296.5,4.6
08-05-2017 03:39,1,296.6,2.1
08-05-2017 03:41,75,296.5,4.6
08-05-2017 03:43,1,296.6,2.1
08-05-2017 03:45,1,296.5,5.1
08-05-2017 03:46,1,296.6,2.1
08-05-2017 03:48,1,296.5,5.1
08-05-2017 03:49,1,296.6,2.1
08-05-2017 03:51,1,296.5,5.1
08-05-2017 03:52,1,296.6,2.1
08-05-2017 03:54,1,296.5,5.1
08-05-2017 03:55,1,296.6,2.1
08-05-2017 03:57,1,296.5,5.1
08-05-2017 03:59,1,296.6,2.1
08-05-2017 04:00,1,296.5,5.1
08-05-2017 04:02,1,296.6,2.1
08-05-2017 04:03,1,296.5,5.1
08-05-2017 04:05,1,296.6,2.1
08-05-2017 04:06,1,296.5,5.1
08-05-2017 04:08,1,296.6,2.1
08-05-2017 04:10,90,296.23,5.1
08-05-2017 04:11,1,296.6,2.1
08-05-2017 04:13,90,296.23,5.1
08-05-2017 04:14,1,296.6,2.1
08-05-2017 04:16,90,296.23,5.1
08-05-2017 04:17,1,296.6,2.1
08-05-2017 04:19,90,296.23,5.1
08-05-2017 04:21,90,296.23,5.1
08-05-2017 04:22,90,296.23,5.1
08-05-2017 04:24,90,296.23,5.1
08-05-2017 04:25,90,296.23,5.1
08-05-2017 04:27,90,296.23,5.1
08-05-2017 04:28,90,296.23,5.1
08-05-2017 04:30,90,296.23,5.1
08-05-2017 04:31,90,296.23,5.1
08-05-2017 04:33,75,296.23,1.5
08-05-2017 04:35,90,296.23,5.1
08-05-2017 04:37,75,296.23,1.5
08-05-2017 04:38,90,296.23,5.1
08-05-2017 04:40,75,296.23,1.5
08-05-2017 04:42,90,296.23,5.1
08-05-2017 04:44,90,296.23,5.1
08-05-2017 04:45,75,296.23,1.5
08-05-2017 04:47,90,296.23,5.1
08-05-2017 04:49,75,296.23,1.5
08-05-2017 04:51,75,296.23,1.5
08-05-2017 04:52,90,296.23,5.1
08-05-2017 04:54,90,296.23,5.1
08-05-2017 04:55,75,296.23,1.5
08-05-2017 04:57,90,296.23,5.1
08-05-2017 04:59,75,296.69,4.1
08-05-2017 05:00,90,296.23,5.1
08-05-2017 05:02,75,296.69,4.1
08-05-2017 05:03,90,296.23,5.1
08-05-2017 05:05,75,296.69,4.1
08-05-2017 05:06,90,296.23,5.1
08-05-2017 05:08,75,296.69,4.1
08-05-2017 05:09,90,296.23,5.1
08-05-2017 05:11,75,296.6,2.6
08-05-2017 05:13,90,296.23,5.1
08-05-2017 05:14,75,296.6,2.6
08-05-2017 05:16,90,296.23,5.1
08-05-2017 05:18,75,296.6,2.6
08-05-2017 05:19,90,296.23,5.1
08-05-2017 05:21,75,296.6,2.6
08-05-2017 05:22,75,296.6,2.6
08-05-2017 05:24,75,296.6,2.6
08-05-2017 05:25,75,296.6,2.6
08-05-2017 05:27,75,296.6,2.6
08-05-2017 05:28,75,296.6,2.6
08-05-2017 05:30,75,296.6,2.6
08-05-2017 05:31,75,296.6,2.6
08-05-2017 05:33,75,296.6,2.6
08-05-2017 05:34,75,296.6,2.6
08-05-2017 05:36,90,296.59,4.76
08-05-2017 05:38,75,296.6,2.6
08-05-2017 05:39,90,296.59,4.76
08-05-2017 05:41,75,296.6,2.6
08-05-2017 05:43,90,296.59,4.76
08-05-2017 05:44,90,296.59,4.76
08-05-2017 05:48,75,296.6,2.6
08-05-2017 05:49,90,296.59,4.76
08-05-2017 05:51,75,296.6,2.6
08-05-2017 05:52,90,296.59,4.76
08-05-2017 05:54,75,296.6,2.6
08-05-2017 05:55,90,296.59,4.76
08-05-2017 05:57,75,296.6,2.6
08-05-2017 05:58,90,296.59,4.76
08-05-2017 06:00,75,296.6,2.6
08-05-2017 06:01,90,296.78,2.1
08-05-2017 06:03,75,296.6,2.6
08-05-2017 06:06,90,296.78,2.1
08-05-2017 06:08,75,296.6,2.6
08-05-2017 06:10,90,296.78,2.1
08-05-2017 06:11,75,296.6,2.6
08-05-2017 06:13,90,296.78,2.1
08-05-2017 06:15,75,296.6,2.6
08-05-2017 06:17,90,296.78,2.1
08-05-2017 06:18,75,296.6,2.6
08-05-2017 06:20,90,296.78,2.1
08-05-2017 06:21,75,296.6,2.6
08-05-2017 06:23,90,296.78,2.1
08-05-2017 06:26,90,296.78,2.1
08-05-2017 06:28,90,296.78,2.1
08-05-2017 06:29,90,296.78,2.1
08-05-2017 06:31,90,296.78,2.1
08-05-2017 06:32,90,296.78,2.1
08-05-2017 06:34,90,296.78,2.1
08-05-2017 06:36,90,296.78,2.1
08-05-2017 06:38,40,296.65,4.76
08-05-2017 06:39,90,296.78,2.1
08-05-2017 06:41,40,296.65,4.76
08-05-2017 06:42,90,296.78,2.1
08-05-2017 06:45,90,296.78,2.1
08-05-2017 06:47,40,296.65,4.76
08-05-2017 06:48,90,296.78,2.1
08-05-2017 06:50,40,296.65,4.76
08-05-2017 06:51,90,296.78,2.1
08-05-2017 06:53,40,296.65,4.76
08-05-2017 06:55,90,296.78,2.1
08-05-2017 06:56,40,296.65,4.76
08-05-2017 06:58,90,296.78,2.1
08-05-2017 07:00,40,296.65,4.76
08-05-2017 07:01,90,296.78,2.1
08-05-2017 07:04,75,296.78,1.5
08-05-2017 07:06,90,296.78,2.1
08-05-2017 07:07,75,296.78,1.5
08-05-2017 07:09,90,296.78,2.1
08-05-2017 07:11,75,296.78,1.5
08-05-2017 07:12,90,296.78,2.1
08-05-2017 07:14,75,296.78,1.5
08-05-2017 07:15,90,296.78,2.1
08-05-2017 07:17,75,296.78,1.5
08-05-2017 07:18,90,296.78,2.1
08-05-2017 07:20,75,296.78,1.5
08-05-2017 07:23,90,296.78,2.1
08-05-2017 07:25,75,296.78,1.5
08-05-2017 07:27,75,296.78,1.5
08-05-2017 07:28,75,296.78,1.5
08-05-2017 07:30,75,296.78,1.5
08-05-2017 07:31,75,296.78,1.5
08-05-2017 07:33,75,296.78,1.5
08-05-2017 07:34,75,296.78,1.5
08-05-2017 07:36,75,296.78,1.5
08-05-2017 07:37,75,296.78,1.5
08-05-2017 07:39,75,296.78,1.5
08-05-2017 07:42,90,296.7,4.02
08-05-2017 07:43,75,296.78,1.5
08-05-2017 07:45,75,296.78,1.5
08-05-2017 07:47,90,296.7,4.02
08-05-2017 07:49,75,296.78,1.5
08-05-2017 07:50,90,296.7,4.02
08-05-2017 07:52,75,296.78,1.5
08-05-2017 07:53,90,296.7,4.02
08-05-2017 07:55,75,296.78,1.5
08-05-2017 07:57,90,296.7,4.02
08-05-2017 07:58,75,296.78,1.5
08-05-2017 08:02,90,296.7,4.02
08-05-2017 08:04,75,296.78,1.5
08-05-2017 08:05,90,296.51,4.02
08-05-2017 08:07,75,296.78,1.5
08-05-2017 08:08,90,296.51,4.02
08-05-2017 08:10,75,296.78,1.5
08-05-2017 08:11,90,296.51,4.02
08-05-2017 08:13,75,296.78,1.5
08-05-2017 08:14,90,296.51,4.02
08-05-2017 08:16,75,296.78,1.5
08-05-2017 08:17,90,296.51,4.02
08-05-2017 08:20,75,296.78,1.5
08-05-2017 08:22,90,296.51,4.02
08-05-2017 08:24,75,296.78,1.5
08-05-2017 08:26,90,296.51,4.02
08-05-2017 08:27,90,296.33,3.6
08-05-2017 08:29,90,296.33,3.6
08-05-2017 08:31,90,296.33,3.6
08-05-2017 08:32,90,296.33,3.6
08-05-2017 08:34,90,296.33,3.6
08-05-2017 08:36,90,296.33,3.6
08-05-2017 08:37,90,296.33,3.6
08-05-2017 08:40,90,296.24,2.6
08-05-2017 08:42,90,296.33,3.6
08-05-2017 08:43,90,296.24,2.6
08-05-2017 08:45,90,296.33,3.6
08-05-2017 08:46,90,296.24,2.6
08-05-2017 08:48,90,296.33,3.6
08-05-2017 08:50,90,296.24,2.6
08-05-2017 08:51,90,296.33,3.6
08-05-2017 08:53,90,296.24,2.6
08-05-2017 08:55,90,296.33,3.6
08-05-2017 08:56,90,296.24,2.6
08-05-2017 08:59,90,296.33,3.6
08-05-2017 09:01,90,296.24,2.6
08-05-2017 09:02,90,296.33,3.6
08-05-2017 09:04,90,295.89,4.02
08-05-2017 09:05,90,296.33,3.6
08-05-2017 09:07,90,295.89,4.02
08-05-2017 09:08,90,296.33,3.6
08-05-2017 09:10,90,295.89,4.02
08-05-2017 09:11,90,296.33,3.6
08-05-2017 09:13,90,295.89,4.02
08-05-2017 09:15,90,296.33,3.6
08-05-2017 09:18,90,295.89,4.02
08-05-2017 09:19,90,296.33,3.6
08-05-2017 09:21,90,295.89,4.02
08-05-2017 09:23,90,296.33,3.6
08-05-2017 09:24,90,295.89,4.02
08-05-2017 09:26,90,296.33,3.6
08-05-2017 09:27,90,295.89,4.02
08-05-2017 09:29,90,295.31,4.6
08-05-2017 09:30,90,295.31,4.6
08-05-2017 09:32,90,295.31,4.6
08-05-2017 09:34,90,295.31,4.6
08-05-2017 09:37,90,295.31,4.6
08-05-2017 09:38,90,295.31,4.6
08-05-2017 09:40,90,295.31,4.6
08-05-2017 09:41,90,295.31,4.6
08-05-2017 09:43,90,295.31,4.02
08-05-2017 09:45,90,295.31,4.6
08-05-2017 09:46,90,295.31,4.02
08-05-2017 09:48,90,295.31,4.02
08-05-2017 09:49,90,295.31,4.6
08-05-2017 09:51,90,295.31,4.02
08-05-2017 09:52,90,295.31,4.6
08-05-2017 09:55,90,295.31,4.02
08-05-2017 09:57,90,295.31,4.6
08-05-2017 09:59,90,295.31,4.02
08-05-2017 10:00,90,295.31,4.6
08-05-2017 10:02,90,295.31,4.02
08-05-2017 10:03,90,295.31,4.6
08-05-2017 10:05,90,295.31,4.02
08-05-2017 10:06,90,295.31,4.6
08-05-2017 10:08,90,294.56,1.5
08-05-2017 10:09,90,295.31,4.6
08-05-2017 10:11,90,294.56,1.5
08-05-2017 10:14,90,295.31,4.6
08-05-2017 10:16,90,294.56,1.5
08-05-2017 10:17,90,295.31,4.6
08-05-2017 10:19,90,294.56,1.5
08-05-2017 10:20,90,295.31,4.6
08-05-2017 10:22,90,294.56,1.5
08-05-2017 10:23,90,295.31,4.6
08-05-2017 10:25,90,294.56,1.5
08-05-2017 10:27,90,295.31,4.6
08-05-2017 10:28,90,294.56,1.5
08-05-2017 10:30,90,294.39,4.5
08-05-2017 10:33,90,294.31,4.5
08-05-2017 10:35,90,294.39,4.5
08-05-2017 10:36,90,294.31,4.5
08-05-2017 10:38,90,294.39,4.5
08-05-2017 10:40,90,294.31,4.5
08-05-2017 10:42,90,294.39,4.5
08-05-2017 10:43,90,294.31,4.5
08-05-2017 10:45,90,294.39,4.5
08-05-2017 10:46,90,294.31,4.5
08-05-2017 10:48,90,294.39,4.5
08-05-2017 10:50,90,294.39,4.5
08-05-2017 10:53,90,294.31,4.5
08-05-2017 10:55,90,294.39,4.5
08-05-2017 10:56,90,294.31,4.5
08-05-2017 10:58,90,294.39,4.5
08-05-2017 10:59,90,294.31,4.5
08-05-2017 11:01,90,294.39,4.5
08-05-2017 11:02,90,294.31,4.5
08-05-2017 11:04,90,294.39,4.5
08-05-2017 11:06,90,294.31,4.5
08-05-2017 11:07,90,294.39,4.5
08-05-2017 11:09,40,293.9,4.5
08-05-2017 11:12,90,294.39,4.5
08-05-2017 11:14,40,293.9,4.5
08-05-2017 11:15,90,294.39,4.5
08-05-2017 11:17,40,293.9,4.5
08-05-2017 11:18,90,294.39,4.5
08-05-2017 11:20,40,293.9,4.5
08-05-2017 11:22,90,294.39,4.5
08-05-2017 11:23,40,293.9,4.5
08-05-2017 11:25,90,294.39,4.5
08-05-2017 11:26,40,293.9,4.5
08-05-2017 11:28,90,294.39,4.5
08-05-2017 11:31,75,293.81,2.1
08-05-2017 11:32,75,293.81,2.1
08-05-2017 11:34,75,293.81,2.1
08-05-2017 11:35,75,293.81,2.1
08-05-2017 11:37,75,293.81,2.1
08-05-2017 11:39,75,293.81,2.1
08-05-2017 11:40,75,293.81,2.1
08-05-2017 11:42,75,293.81,2.1
08-05-2017 11:44,75,293.81,2.1
08-05-2017 11:45,75,293.81,2.1
08-05-2017 11:47,75,293.81,2.1
08-05-2017 11:50,75,293.81,2.1
08-05-2017 11:52,75,293.81,2.1
08-05-2017 11:53,75,293.81,2.1
08-05-2017 11:55,75,293.81,2.1
08-05-2017 11:56,75,293.81,2.1
08-05-2017 11:58,75,293.81,2.1
08-05-2017 11:59,75,293.81,2.1
08-05-2017 12:01,75,293.81,2.1
08-05-2017 12:02,75,293.81,2.1
08-05-2017 12:04,75,293.81,2.1
08-05-2017 12:06,75,293.81,2.1
08-05-2017 12:09,75,293.81,2.1
08-05-2017 12:11,75,294.51,2.6
08-05-2017 12:13,75,293.81,2.1
08-05-2017 12:14,75,294.51,2.6
08-05-2017 12:16,75,293.81,2.1
08-05-2017 12:17,75,294.51,2.6
08-05-2017 12:19,75,293.81,2.1
08-05-2017 12:20,75,294.51,2.6
08-05-2017 12:22,75,293.81,2.1
08-05-2017 12:24,75,293.81,2.1
08-05-2017 12:25,75,294.51,2.6
08-05-2017 12:28,75,293.81,2.1
08-05-2017 12:30,75,294.51,2.6
08-05-2017 12:31,75,293.81,2.1
08-05-2017 12:33,75,294.51,3.1
08-05-2017 12:35,75,294.51,3.1
08-05-2017 12:36,75,294.51,3.1
08-05-2017 12:38,75,294.51,3.1
08-05-2017 12:39,75,294.51,3.1
08-05-2017 12:41,75,294.51,3.1
08-05-2017 12:42,75,294.51,3.1
08-05-2017 12:44,75,294.51,3.1
08-05-2017 12:47,75,294.51,3.1
08-05-2017 12:48,75,294.51,3.1
08-05-2017 12:50,75,294.51,3.1
08-05-2017 12:52,75,294.51,3.1
08-05-2017 12:53,75,294.51,3.1
08-05-2017 12:55,75,294.51,3.1
08-05-2017 12:56,75,294.51,3.1
08-05-2017 12:58,75,294.51,3.1
08-05-2017 12:59,75,294.51,3.1
08-05-2017 13:01,75,294.51,3.1
08-05-2017 13:03,75,294.51,3.1
08-05-2017 13:06,75,294.51,3.1
08-05-2017 13:08,75,294.51,3.1
08-05-2017 13:09,75,294.51,3.1
08-05-2017 13:11,90,294.69,1.5
08-05-2017 13:12,75,294.51,3.1
08-05-2017 13:14,90,294.69,1.5
08-05-2017 13:15,75,294.51,3.1
08-05-2017 13:17,90,294.69,1.5
08-05-2017 13:19,75,294.51,3.1
08-05-2017 13:21,90,294.69,1.5
08-05-2017 13:22,75,294.51,3.1
08-05-2017 13:25,90,294.69,1.5
08-05-2017 13:27,75,294.51,3.1
08-05-2017 13:28,90,294.69,1.5
08-05-2017 13:30,75,294.51,3.1
08-05-2017 13:32,90,294.69,2.86
08-05-2017 13:33,75,294.51,3.1
08-05-2017 13:35,90,294.69,2.86
08-05-2017 13:36,90,294.69,2.86
08-05-2017 13:38,90,294.69,2.86
08-05-2017 13:39,90,294.69,2.86
08-05-2017 13:41,90,294.69,2.86
08-05-2017 13:44,90,294.69,2.71
08-05-2017 13:45,90,294.69,2.86
08-05-2017 13:47,90,294.69,2.71
08-05-2017 13:49,90,294.69,2.86
08-05-2017 13:51,90,294.69,2.86
08-05-2017 13:52,90,294.69,2.71
08-05-2017 13:54,90,294.69,2.86
08-05-2017 13:55,90,294.69,2.71
08-05-2017 13:57,90,294.69,2.86
08-05-2017 13:58,90,294.69,2.71
08-05-2017 14:00,90,294.69,2.86
08-05-2017 14:03,90,294.69,2.71
08-05-2017 14:04,90,294.69,2.86
08-05-2017 14:06,75,295.42,2.6
08-05-2017 14:07,90,294.69,2.86
08-05-2017 14:09,75,295.42,2.6
08-05-2017 14:11,90,294.69,2.86
08-05-2017 14:12,75,295.42,2.6
08-05-2017 14:14,90,294.69,2.86
08-05-2017 14:15,75,295.42,2.6
08-05-2017 14:17,90,294.69,2.86
08-05-2017 14:18,75,295.42,2.6
08-05-2017 14:21,75,295.42,2.6
08-05-2017 14:23,90,294.69,2.86
08-05-2017 14:24,75,295.42,2.6
08-05-2017 14:26,90,294.69,2.86
08-05-2017 14:28,75,295.42,2.6
08-05-2017 14:29,90,294.69,2.86
08-05-2017 14:31,75,295.87,3.1
08-05-2017 14:32,90,294.69,2.86
08-05-2017 14:34,75,295.87,3.1
08-05-2017 14:35,75,296.06,2.71
08-05-2017 14:37,75,295.87,3.1
08-05-2017 14:40,75,296.06,2.71
08-05-2017 14:42,75,296.06,2.71
08-05-2017 14:43,75,296.06,2.71
08-05-2017 14:45,75,296.06,2.71
08-05-2017 14:47,75,296.06,2.71
08-05-2017 14:48,75,296.06,2.71
08-05-2017 14:50,75,296.06,2.71
08-05-2017 14:51,75,296.06,2.71
08-05-2017 14:53,75,296.06,2.71
08-05-2017 14:55,75,296.06,2.71
08-05-2017 14:56,75,296.06,2.71
08-05-2017 14:59,75,296.06,2.71
08-05-2017 15:01,75,296.06,2.71
08-05-2017 15:02,75,296.06,2.71
08-05-2017 15:04,75,296.31,2.6
08-05-2017 15:05,75,296.06,2.71
08-05-2017 15:07,75,296.31,2.6
08-05-2017 15:09,75,296.06,2.71
08-05-2017 15:10,75,296.31,2.6
08-05-2017 15:12,75,296.06,2.71
08-05-2017 15:13,75,296.31,2.6
08-05-2017 15:15,75,296.06,2.71
08-05-2017 15:18,75,296.31,2.6
08-05-2017 15:19,75,296.06,2.71
08-05-2017 15:21,75,296.31,2.6
08-05-2017 15:22,75,296.06,2.71
08-05-2017 15:24,75,296.31,2.6
08-05-2017 15:26,75,296.06,2.71
08-05-2017 15:27,75,296.31,2.6
08-05-2017 15:29,75,296.06,2.71
08-05-2017 15:31,90,296.39,4.1
08-05-2017 15:32,75,296.06,2.71
08-05-2017 15:34,90,296.39,4.1
08-05-2017 15:37,75,296.39,5.1
08-05-2017 15:39,90,296.39,4.1
08-05-2017 15:40,75,296.39,5.1
08-05-2017 15:42,75,296.39,5.1
08-05-2017 15:43,75,296.39,5.1
08-05-2017 15:45,75,296.39,5.1
08-05-2017 15:46,75,296.39,5.1
08-05-2017 15:48,75,296.39,5.1
08-05-2017 15:50,75,296.39,5.1
08-05-2017 15:51,75,296.39,5.1
08-05-2017 15:53,75,296.39,5.1
08-05-2017 15:56,75,296.39,5.1
08-05-2017 15:57,75,296.39,5.1
08-05-2017 15:59,75,296.39,5.1
08-05-2017 16:01,75,296.39,5.1
08-05-2017 16:02,75,296.39,5.1
08-05-2017 16:04,75,296.39,5.1
08-05-2017 16:05,75,296.39,5.1
08-05-2017 16:07,75,296.39,5.1
08-05-2017 16:09,75,297.39,2.71
08-05-2017 16:10,75,296.39,5.1
08-05-2017 16:12,75,297.39,2.71
08-05-2017 16:15,75,296.39,5.1
08-05-2017 16:17,75,297.39,2.71
08-05-2017 16:19,75,296.39,5.1
08-05-2017 16:20,75,297.39,2.71
08-05-2017 16:22,75,296.39,5.1
08-05-2017 16:23,75,297.39,2.71
08-05-2017 16:25,75,296.39,5.1
08-05-2017 16:27,75,297.39,2.71
08-05-2017 16:29,75,296.39,5.1
08-05-2017 16:30,75,297.39,2.71
08-05-2017 16:32,75,296.39,5.1
08-05-2017 16:35,75,297.39,2.71
08-05-2017 16:37,75,296.39,5.1
08-05-2017 16:38,75,297.39,2.71
08-05-2017 16:40,90,297.48,3.6
08-05-2017 16:41,90,297.48,3.6
08-05-2017 16:43,90,297.48,3.6
08-05-2017 16:44,90,297.48,3.6
08-05-2017 16:46,90,297.48,3.6
08-05-2017 16:47,90,297.48,3.6
08-05-2017 16:49,90,297.48,3.6
08-05-2017 16:50,90,297.48,3.6
08-05-2017 16:54,90,297.47,3.6
08-05-2017 16:56,90,297.48,3.6
08-05-2017 16:57,90,297.47,3.6
08-05-2017 16:59,90,297.48,3.6
08-05-2017 17:00,90,297.47,3.6
08-05-2017 17:02,90,297.48,3.6
08-05-2017 17:03,90,297.47,3.6
08-05-2017 17:05,90,297.48,3.6
08-05-2017 17:06,90,297.88,1.66
08-05-2017 17:08,90,297.48,3.6
08-05-2017 17:10,90,297.88,1.66
08-05-2017 17:13,90,297.48,3.6
08-05-2017 17:14,90,297.88,1.66
08-05-2017 17:16,90,297.48,3.6
08-05-2017 17:17,90,297.88,1.66
08-05-2017 17:19,90,297.48,3.6
08-05-2017 17:21,90,297.88,1.66
08-05-2017 17:22,90,297.48,3.6
08-05-2017 17:24,90,297.88,1.66
08-05-2017 17:26,90,297.48,3.6
08-05-2017 17:27,90,297.88,1.66
08-05-2017 17:29,90,297.48,3.6
08-05-2017 17:32,90,297.88,5.7
08-05-2017 17:33,90,297.48,3.6
08-05-2017 17:35,90,297.88,5.7
08-05-2017 17:37,90,297.48,3.6
08-05-2017 17:38,90,297.88,5.7
08-05-2017 17:40,90,297.88,5.7
08-05-2017 17:41,90,297.88,5.7
08-05-2017 17:43,90,297.88,5.7
08-05-2017 17:44,90,297.88,5.7
08-05-2017 17:46,90,297.88,5.7
08-05-2017 17:47,90,297.88,5.7
08-05-2017 17:51,90,297.88,5.7
08-05-2017 17:52,90,297.88,5.7
08-05-2017 17:54,90,297.88,5.7
08-05-2017 17:56,90,297.88,5.7
08-05-2017 17:57,90,297.88,5.7
08-05-2017 17:59,90,297.88,5.7
08-05-2017 18:00,90,297.88,5.7
08-05-2017 18:02,90,297.88,5.7
08-05-2017 18:04,90,297.88,5.7
08-05-2017 18:05,90,297.88,5.7
08-05-2017 18:07,90,297.88,5.7
08-05-2017 18:10,90,297.98,3.6
08-05-2017 18:12,90,297.88,5.7
08-05-2017 18:13,90,297.98,3.6
08-05-2017 18:15,90,297.88,5.7
08-05-2017 18:16,90,297.98,3.6
08-05-2017 18:18,90,297.88,5.7
08-05-2017 18:19,90,297.98,3.6
08-05-2017 18:21,90,297.88,5.7
08-05-2017 18:22,90,297.98,3.6
08-05-2017 18:24,90,297.88,5.7
08-05-2017 18:25,90,297.98,3.6
08-05-2017 18:28,90,297.88,5.7
08-05-2017 18:30,90,297.98,3.6
08-05-2017 18:32,90,297.88,5.7
08-05-2017 18:33,1,298.23,4.6
08-05-2017 18:35,90,297.88,5.7
08-05-2017 18:36,1,298.23,4.6
08-05-2017 18:38,90,297.88,5.7
08-05-2017 18:40,1,298.23,4.6
08-05-2017 18:41,1,298.22,4.6
08-05-2017 18:43,1,298.23,4.6
08-05-2017 18:44,1,298.22,4.6
08-05-2017 18:47,1,298.22,4.6
08-05-2017 18:49,1,298.22,4.6
08-05-2017 18:50,1,298.22,4.6
08-05-2017 18:52,1,298.22,4.6
08-05-2017 18:53,1,298.22,4.6
08-05-2017 18:55,1,298.22,4.6
08-05-2017 18:57,1,298.22,4.6
08-05-2017 18:58,1,298.22,4.6
08-05-2017 19:00,90,298.9,1.5
08-05-2017 19:01,1,298.22,4.6
08-05-2017 19:03,90,298.9,1.5
08-05-2017 19:06,1,298.22,4.6
08-05-2017 19:08,90,298.9,1.5
08-05-2017 19:09,1,298.22,4.6
08-05-2017 19:11,90,298.9,1.5
08-05-2017 19:12,1,298.22,4.6
08-05-2017 19:14,90,298.9,1.5
08-05-2017 19:16,1,298.22,4.6
08-05-2017 19:17,90,298.9,1.5
08-05-2017 19:19,1,298.22,4.6
08-05-2017 19:20,90,298.9,1.5
08-05-2017 19:22,1,298.22,4.6
08-05-2017 19:25,90,298.9,1.5
08-05-2017 19:26,1,298.22,4.6
08-05-2017 19:28,90,298.9,1.5
08-05-2017 19:30,90,298.9,1.5
08-05-2017 19:31,1,298.22,4.6
08-05-2017 19:33,90,298.9,1.5
08-05-2017 19:34,1,298.22,4.6
08-05-2017 19:36,1,298.9,5.1
08-05-2017 19:37,1,298.22,4.6
08-05-2017 19:39,1,298.9,5.1
08-05-2017 19:41,1,298.22,4.6
08-05-2017 19:44,1,298.9,5.1
08-05-2017 19:46,1,298.9,5.1
08-05-2017 19:47,1,298.9,5.1
08-05-2017 19:49,1,298.9,5.1
08-05-2017 19:50,1,298.9,5.1
08-05-2017 19:52,1,298.9,5.1
08-05-2017 19:54,1,298.9,5.1
08-05-2017 19:55,1,298.9,5.1
08-05-2017 19:57,1,298.9,5.1
08-05-2017 19:59,90,298.81,6.7
08-05-2017 20:01,1,298.9,5.1
08-05-2017 20:04,90,298.81,6.7
08-05-2017 20:06,1,298.9,5.1
08-05-2017 20:07,90,298.81,6.7
08-05-2017 20:09,1,298.9,5.1
08-05-2017 20:10,75,298.89,3.21
08-05-2017 20:12,1,298.9,5.1
08-05-2017 20:13,75,298.89,3.21
08-05-2017 20:15,1,298.9,5.1
08-05-2017 20:16,75,298.89,3.21
08-05-2017 20:18,1,298.9,5.1
08-05-2017 20:20,75,298.89,3.21
08-05-2017 20:23,1,298.9,5.1
08-05-2017 20:25,75,298.89,3.21
08-05-2017 20:26,1,298.9,5.1
08-05-2017 20:28,75,298.89,3.21
08-05-2017 20:29,1,298.9,5.1
08-05-2017 20:31,75,298.89,3.21
08-05-2017 20:32,1,298.9,5.1
08-05-2017 20:34,75,298.89,3.21
08-05-2017 20:35,1,298.9,5.1
08-05-2017 20:37,1,298.89,6.7
08-05-2017 20:39,1,298.9,5.1
08-05-2017 20:42,1,298.89,6.7
08-05-2017 20:43,1,298.9,5.1
08-05-2017 20:45,1,298.89,6.7
08-05-2017 20:46,1,298.89,6.7
08-05-2017 20:48,1,298.89,6.7
08-05-2017 20:49,1,298.89,6.7
08-05-2017 20:51,1,298.89,6.7
08-05-2017 20:52,1,298.89,6.7
08-05-2017 20:54,1,298.89,6.7
08-05-2017 20:55,1,298.89,6.7
08-05-2017 20:57,1,298.89,6.7
08-05-2017 21:01,1,298.89,6.7
08-05-2017 21:02,1,298.89,6.7
08-05-2017 21:04,1,298.89,6.7
08-05-2017 21:05,1,298.89,6.7
08-05-2017 21:07,1,298.89,6.7
08-05-2017 21:08,1,298.89,6.7
08-05-2017 21:10,1,298.89,6.7
08-05-2017 21:11,1,298.89,6.7
08-05-2017 21:13,1,298.89,6.7
08-05-2017 21:15,40,299.05,4.1
08-05-2017 21:16,1,298.89,6.7
08-05-2017 21:20,40,299.05,4.1
08-05-2017 21:21,1,298.89,6.7
08-05-2017 21:23,40,299.05,4.1
08-05-2017 21:24,1,298.89,6.7
08-05-2017 21:26,40,299.05,4.1
08-05-2017 21:27,1,298.89,6.7
08-05-2017 21:29,40,299.05,4.1
08-05-2017 21:30,1,298.89,6.7
08-05-2017 21:32,40,299.05,4.1
08-05-2017 21:34,1,298.89,6.7
08-05-2017 21:35,40,299.05,4.1
08-05-2017 21:38,1,298.89,6.7
08-05-2017 21:40,75,299.06,5.1
08-05-2017 21:42,1,298.89,6.7
08-05-2017 21:43,75,299.06,5.1
08-05-2017 21:45,1,298.89,6.7
08-05-2017 21:47,75,299.06,5.1
08-05-2017 21:49,75,299.06,5.1
08-05-2017 21:50,75,299.06,5.1
08-05-2017 21:52,75,299.06,5.1
08-05-2017 21:53,75,299.06,5.1
08-05-2017 21:55,75,299.06,5.1
08-05-2017 21:58,75,299.06,5.1
08-05-2017 21:59,75,299.06,5.1
08-05-2017 22:01,75,299.06,5.1
08-05-2017 22:03,75,299.06,5.1
08-05-2017 22:05,75,299.06,5.1
08-05-2017 22:06,75,299.06,5.1
08-05-2017 22:08,75,299.06,5.1
08-05-2017 22:09,75,299.06,5.1
08-05-2017 22:11,75,299.06,5.1
08-05-2017 22:12,20,298.23,3.21
08-05-2017 22:14,75,299.06,5.1
08-05-2017 22:17,20,298.23,3.21
08-05-2017 22:19,75,299.06,5.1
08-05-2017 22:20,20,298.23,3.21
08-05-2017 22:22,75,299.06,5.1
08-05-2017 22:23,20,298.23,3.21
08-05-2017 22:25,75,299.06,5.1
08-05-2017 22:27,20,298.23,3.21
08-05-2017 22:28,75,299.06,5.1
08-05-2017 22:30,20,298.23,3.21
08-05-2017 22:32,75,299.06,5.1
08-05-2017 22:33,1,298.23,7.2
08-05-2017 22:36,75,299.06,5.1
08-05-2017 22:38,1,298.23,7.2
08-05-2017 22:40,75,299.06,5.1
08-05-2017 22:41,1,298.23,7.2
08-05-2017 22:43,75,299.06,5.1
08-05-2017 22:45,1,298.23,7.2
08-05-2017 22:46,75,299.06,5.1
08-05-2017 22:48,1,298.23,7.2
08-05-2017 22:50,1,298.23,7.2
08-05-2017 22:52,1,298.23,7.2
08-05-2017 22:53,1,298.23,7.2
08-05-2017 22:56,1,298.23,7.2
08-05-2017 22:58,1,298.23,7.2
08-05-2017 22:59,1,298.23,7.2
08-05-2017 23:01,1,298.23,7.2
08-05-2017 23:03,1,298.23,7.2
08-05-2017 23:04,1,298.23,7.2
08-05-2017 23:06,1,298.23,7.2
08-05-2017 23:08,75,297.56,3.6
08-05-2017 23:09,1,298.23,7.2
08-05-2017 23:11,75,297.56,3.6
08-05-2017 23:13,1,298.23,7.2
08-05-2017 23:17,75,297.56,3.6
08-05-2017 23:18,1,298.23,7.2
08-05-2017 23:20,75,297.56,3.6
08-05-2017 23:22,1,298.23,7.2
08-05-2017 23:23,75,297.56,3.6
08-05-2017 23:25,1,298.23,7.2
08-05-2017 23:26,75,297.56,3.6
08-05-2017 23:28,1,298.23,7.2
08-05-2017 23:30,75,297.56,3.6
08-05-2017 23:31,1,298.23,7.2
08-05-2017 23:33,1,297.48,6.2
08-05-2017 23:36,1,298.23,7.2
08-05-2017 23:38,1,297.48,6.2
08-05-2017 23:39,1,298.23,7.2
08-05-2017 23:41,1,297.48,6.2
08-05-2017 23:42,1,298.23,7.2
08-05-2017 23:44,1,297.48,6.2
08-05-2017 23:46,1,298.23,7.2
08-05-2017 23:47,1,297.48,6.2
08-05-2017 23:49,1,298.23,7.2
08-05-2017 23:50,1,297.48,6.2
08-05-2017 23:52,1,297.48,6.2
08-05-2017 23:55,1,297.48,6.2
08-05-2017 23:57,1,297.48,6.2
08-05-2017 23:58,1,297.48,6.2
08-06-2017 00:00,1,297.48,6.2
08-06-2017 00:01,1,297.48,6.2
08-06-2017 00:03,1,297.48,6.2
08-06-2017 00:04,1,297.48,6.2
08-06-2017 00:06,1,296.24,3.6
08-06-2017 00:08,1,297.48,6.2
08-06-2017 00:09,1,296.24,3.6
08-06-2017 00:11,1,297.48,6.2
08-06-2017 00:15,1,296.24,3.6
08-06-2017 00:16,1,297.48,6.2
08-06-2017 00:18,1,296.24,3.6
08-06-2017 00:19,1,297.48,6.2
08-06-2017 00:21,1,296.24,3.6
08-06-2017 00:22,1,297.48,6.2
08-06-2017 00:24,1,296.24,3.6
08-06-2017 00:25,1,297.48,6.2
08-06-2017 00:27,1,296.24,3.6
08-06-2017 00:28,1,297.48,6.2
08-06-2017 00:30,1,296.24,3.6
08-06-2017 00:34,1,297.48,6.2
08-06-2017 00:35,1,296.24,3.6
08-06-2017 00:37,1,297.48,6.2
08-06-2017 00:39,1,296.24,3.6
08-06-2017 00:41,1,297.48,6.2
08-06-2017 00:42,1,296.06,4.36
08-06-2017 00:44,1,297.48,6.2
08-06-2017 00:45,1,296.06,4.36
08-06-2017 00:47,1,297.48,6.2
08-06-2017 00:48,1,296.06,4.36
08-06-2017 00:50,1,297.48,6.2
08-06-2017 00:53,1,296.06,4.36
08-06-2017 00:54,1,296.06,4.36
08-06-2017 00:56,1,296.06,4.36
08-06-2017 00:58,1,296.06,4.36
08-06-2017 00:59,1,296.06,4.36
08-06-2017 01:01,1,296.06,4.36
08-06-2017 01:02,1,296.06,4.36
08-06-2017 01:04,1,296.06,4.36
08-06-2017 01:05,1,294.47,1.5
08-06-2017 01:07,1,296.06,4.36
08-06-2017 01:08,1,294.47,1.5
08-06-2017 01:11,1,296.06,4.36
08-06-2017 01:13,1,294.47,1.5
08-06-2017 01:15,1,296.06,4.36
08-06-2017 01:16,1,294.47,1.5
08-06-2017 01:18,1,296.06,4.36
08-06-2017 01:19,1,294.47,1.5
08-06-2017 01:21,1,296.06,4.36
08-06-2017 01:22,1,294.47,1.5
08-06-2017 01:24,1,296.06,4.36
08-06-2017 01:26,1,294.47,1.5
08-06-2017 01:27,1,296.06,4.36
08-06-2017 01:31,1,294.38,4.62
08-06-2017 01:32,1,296.06,4.36
08-06-2017 01:34,1,294.38,4.62
08-06-2017 01:36,1,296.06,4.36
08-06-2017 01:37,1,294.38,4.62
08-06-2017 01:39,1,296.06,4.36
08-06-2017 01:40,1,294.38,4.62
08-06-2017 01:42,1,296.06,4.36
08-06-2017 01:44,1,294.38,4.62
08-06-2017 01:45,1,296.06,4.36
08-06-2017 01:47,1,294.38,4.62
08-06-2017 01:50,1,296.06,4.36
08-06-2017 01:51,1,294.38,4.62
08-06-2017 01:53,1,296.06,4.36
08-06-2017 01:54,1,294.38,4.62
08-06-2017 01:56,1,294.38,4.62
08-06-2017 01:58,1,294.38,4.62
08-06-2017 01:59,1,294.38,4.62
08-06-2017 02:01,1,294.38,4.62
08-06-2017 02:02,1,294.38,4.62
08-06-2017 02:04,1,294.38,4.62
08-06-2017 02:05,1,294.38,4.62
08-06-2017 02:09,1,293.55,2.1
08-06-2017 02:10,1,294.38,4.62
08-06-2017 02:12,1,293.55,2.1
08-06-2017 02:14,1,294.38,4.62
08-06-2017 02:15,1,293.55,2.1
08-06-2017 02:17,1,294.38,4.62
08-06-2017 02:18,1,293.55,2.1
08-06-2017 02:20,1,293.55,2.1
08-06-2017 02:21,1,294.38,4.62
08-06-2017 02:23,1,293.55,2.1
08-06-2017 02:24,1,294.38,4.62
08-06-2017 02:28,1,293.55,2.1
08-06-2017 02:29,1,294.38,4.62
08-06-2017 02:31,1,293.47,4.62
08-06-2017 02:32,1,294.38,4.62
08-06-2017 02:34,1,293.47,4.62
08-06-2017 02:35,1,294.38,4.62
08-06-2017 02:37,1,293.47,4.62
08-06-2017 02:38,1,294.38,4.62
08-06-2017 02:40,1,293.47,4.62
08-06-2017 02:41,1,294.38,4.62
08-06-2017 02:43,1,293.46,4.62
08-06-2017 02:46,1,294.38,4.62
08-06-2017 02:48,1,293.46,4.62
08-06-2017 02:49,1,294.38,4.62
08-06-2017 02:51,1,293.46,4.62
08-06-2017 02:53,1,294.38,4.62
08-06-2017 02:54,1,293.46,4.62
08-06-2017 02:56,1,294.38,4.62
08-06-2017 02:58,1,293.46,4.62
08-06-2017 03:00,1,292.88,1.5
08-06-2017 03:02,1,293.46,4.62
08-06-2017 03:03,1,292.88,1.5
08-06-2017 03:06,1,292.88,1.5
08-06-2017 03:08,1,292.88,1.5
08-06-2017 03:10,1,292.88,1.5
08-06-2017 03:11,1,292.88,1.5
08-06-2017 03:13,1,292.88,1.5
08-06-2017 03:15,1,292.88,1.5
08-06-2017 03:16,1,292.88,1.5
08-06-2017 03:18,1,292.88,1.5
08-06-2017 03:19,1,292.88,1.5
08-06-2017 03:21,1,292.88,1.5
08-06-2017 03:23,1,292.88,1.5
08-06-2017 03:26,1,292.88,1.5
08-06-2017 03:27,1,292.88,1.5
08-06-2017 03:29,1,292.88,1.5
08-06-2017 03:30,1,292.88,1.5
08-06-2017 03:32,1,292.88,1.5
08-06-2017 03:34,1,292.88,1.5
08-06-2017 03:36,1,292.88,1.5
08-06-2017 03:38,1,292.88,1.5
08-06-2017 03:39,1,292.88,1.5
08-06-2017 03:41,1,292.8,4.62
08-06-2017 03:43,1,292.88,1.5
08-06-2017 03:46,1,292.8,4.62
08-06-2017 03:47,1,292.88,1.5
08-06-2017 03:49,1,292.8,4.62
08-06-2017 03:50,1,292.88,1.5
08-06-2017 03:52,1,292.8,4.62
08-06-2017 03:53,1,292.88,1.5
08-06-2017 03:55,1,292.8,4.62
08-06-2017 03:57,1,292.88,1.5
08-06-2017 03:58,1,292.8,4.62
08-06-2017 04:00,1,292.88,1.5
08-06-2017 04:01,1,292.8,4.62
08-06-2017 04:05,1,291.88,1.5
08-06-2017 04:06,1,291.88,1.5
08-06-2017 04:08,1,291.88,1.5
08-06-2017 04:09,1,291.88,1.5
08-06-2017 04:11,1,291.88,1.5
08-06-2017 04:12,1,291.88,1.5
08-06-2017 04:14,1,291.88,1.5
08-06-2017 04:15,1,291.88,1.5
08-06-2017 04:17,1,291.88,1.5
08-06-2017 04:18,1,291.88,1.5
08-06-2017 04:20,1,291.88,1.5
08-06-2017 04:23,1,291.88,1.5
08-06-2017 04:25,1,291.88,1.5
08-06-2017 04:27,1,291.88,1.5
08-06-2017 04:28,1,291.88,1.5
08-06-2017 04:30,1,291.88,1.5
08-06-2017 04:31,1,291.88,1.5
08-06-2017 04:33,1,291.88,1.5
08-06-2017 04:35,1,291.88,1.5
08-06-2017 04:36,1,291.88,1.5
08-06-2017 04:38,1,291.88,1.5
08-06-2017 04:39,1,291.88,1.5
08-06-2017 04:42,1,291.88,1.5
08-06-2017 04:44,1,291.89,4.31
08-06-2017 04:46,1,291.88,1.5
08-06-2017 04:47,1,291.89,4.31
08-06-2017 04:49,1,291.88,1.5
08-06-2017 04:50,1,291.89,4.31
08-06-2017 04:52,1,291.88,1.5
08-06-2017 04:54,1,291.89,4.31
08-06-2017 04:55,1,291.88,1.5
08-06-2017 04:57,1,291.88,4.31
08-06-2017 04:58,1,291.88,1.5
08-06-2017 05:01,1,291.88,4.31
08-06-2017 05:03,1,291.88,1.5
08-06-2017 05:05,1,291.38,2.6
08-06-2017 05:07,1,291.88,4.31
08-06-2017 05:08,1,291.38,2.6
08-06-2017 05:10,1,291.38,2.6
08-06-2017 05:11,1,291.38,2.6
08-06-2017 05:13,1,291.38,2.6
08-06-2017 05:14,1,291.38,2.6
08-06-2017 05:16,1,291.38,2.6
08-06-2017 05:17,1,291.38,2.6
08-06-2017 05:21,1,291.38,2.6
08-06-2017 05:22,1,291.38,2.6
08-06-2017 05:24,1,291.38,2.6
08-06-2017 05:25,1,291.38,2.6
08-06-2017 05:27,1,291.38,2.6
08-06-2017 05:29,1,291.38,2.6
08-06-2017 05:30,1,291.38,2.6
08-06-2017 05:32,1,291.38,2.6
08-06-2017 05:33,1,291.39,4.31
08-06-2017 05:35,1,291.38,2.6
08-06-2017 05:37,1,291.39,4.31
08-06-2017 05:40,1,291.38,2.6
08-06-2017 05:41,1,291.39,4.31
08-06-2017 05:43,1,291.38,2.6
08-06-2017 05:44,1,291.38,4.31
08-06-2017 05:46,1,291.38,2.6
08-06-2017 05:47,1,291.38,4.31
08-06-2017 05:49,1,291.38,2.6
08-06-2017 05:51,1,291.38,4.31
08-06-2017 05:53,1,291.38,2.6
08-06-2017 05:54,1,291.38,4.31
08-06-2017 05:56,1,291.38,2.6
08-06-2017 05:59,1,291.38,4.31
08-06-2017 06:01,1,291.38,2.6
08-06-2017 06:03,1,291.38,4.31
08-06-2017 06:04,1,291.38,2.6
08-06-2017 06:06,1,290.8,2.6
08-06-2017 06:08,1,290.8,2.6
08-06-2017 06:09,1,290.8,2.6
08-06-2017 06:11,1,290.8,2.6
08-06-2017 06:12,1,290.8,2.6
08-06-2017 06:14,1,290.8,2.6
08-06-2017 06:15,1,290.8,2.6
08-06-2017 06:19,1,290.8,2.6
08-06-2017 06:20,1,290.8,2.6
08-06-2017 06:22,1,290.8,2.6
08-06-2017 06:24,1,290.8,2.6
08-06-2017 06:25,1,290.8,2.6
08-06-2017 06:27,1,290.8,2.6
08-06-2017 06:28,1,290.8,2.6
08-06-2017 06:30,1,290.8,2.6
08-06-2017 06:31,1,290.89,4.31
08-06-2017 06:33,1,290.8,2.6
08-06-2017 06:35,1,290.89,4.31
08-06-2017 06:38,1,290.8,2.6
08-06-2017 06:40,1,290.89,4.31
08-06-2017 06:41,1,290.8,2.6
08-06-2017 06:43,1,290.89,4.31
08-06-2017 06:44,1,290.8,2.6
08-06-2017 06:46,1,290.89,4.31
08-06-2017 06:48,1,290.8,2.6
08-06-2017 06:49,1,290.89,4.31
08-06-2017 06:51,1,290.8,2.6
08-06-2017 06:52,1,290.89,4.31
08-06-2017 06:54,1,290.8,2.6
08-06-2017 06:57,1,290.91,4.31
08-06-2017 06:59,1,290.8,2.6
08-06-2017 07:00,1,290.91,4.31
08-06-2017 07:02,1,290.8,2.6
08-06-2017 07:04,1,290.91,4.31
08-06-2017 07:06,1,290.8,2.6
08-06-2017 07:07,1,290.63,4.31
08-06-2017 07:09,1,290.63,4.31
08-06-2017 07:10,1,290.63,4.31
08-06-2017 07:12,1,290.63,4.31
08-06-2017 07:14,1,290.63,4.31
08-06-2017 07:17,1,290.63,4.31
08-06-2017 07:18,1,290.63,4.31
08-06-2017 07:20,1,290.63,4.31
08-06-2017 07:21,1,290.63,4.31
08-06-2017 07:23,1,290.63,4.31
08-06-2017 07:24,1,290.63,4.31
08-06-2017 07:26,1,290.63,4.31
08-06-2017 07:28,1,290.63,4.31
08-06-2017 07:29,1,290.63,4.31
08-06-2017 07:31,1,290.63,4.31
08-06-2017 07:32,1,290.55,4.12
08-06-2017 07:36,1,290.63,4.31
08-06-2017 07:37,1,290.55,4.12
08-06-2017 07:39,1,290.63,4.31
08-06-2017 07:41,1,290.55,4.12
08-06-2017 07:42,1,290.63,4.31
08-06-2017 07:44,1,290.55,4.12
08-06-2017 07:45,1,290.63,4.31
08-06-2017 07:47,1,290.55,4.12
08-06-2017 07:49,1,290.63,4.31
08-06-2017 07:50,1,290.55,4.12
08-06-2017 07:52,1,290.55,4.12
08-06-2017 07:55,1,290.63,4.31
08-06-2017 07:57,1,290.55,4.12
08-06-2017 07:59,1,290.63,4.31
08-06-2017 08:00,1,290.55,4.12
08-06-2017 08:02,1,290.63,4.31
08-06-2017 08:03,1,290.55,4.12
08-06-2017 08:05,1,290.63,4.31
08-06-2017 08:07,1,290.87,2.6
08-06-2017 08:09,1,290.87,2.6
08-06-2017 08:10,1,290.87,2.6
08-06-2017 08:12,1,290.87,2.6
08-06-2017 08:15,1,290.87,2.6
08-06-2017 08:17,1,290.86,2.6
08-06-2017 08:19,1,290.87,2.6
08-06-2017 08:20,1,290.86,2.6
08-06-2017 08:22,1,290.87,2.6
08-06-2017 08:23,1,290.86,2.6
08-06-2017 08:25,1,290.87,2.6
08-06-2017 08:26,1,290.86,2.6
08-06-2017 08:28,1,290.87,2.6
08-06-2017 08:29,1,290.14,4.12
08-06-2017 08:31,1,290.87,2.6
08-06-2017 08:34,1,290.14,4.12
08-06-2017 08:35,1,290.87,2.6
08-06-2017 08:37,1,290.14,4.12
08-06-2017 08:38,1,290.87,2.6
08-06-2017 08:40,1,290.14,4.12
08-06-2017 08:42,1,290.87,2.6
08-06-2017 08:43,1,290.14,4.12
08-06-2017 08:45,1,290.87,2.6
08-06-2017 08:46,1,290.14,4.12
08-06-2017 08:48,1,290.87,2.6
08-06-2017 08:49,1,290.14,4.12
08-06-2017 08:52,1,290.87,2.6
08-06-2017 08:54,1,290.13,4.12
08-06-2017 08:55,1,290.87,2.6
08-06-2017 08:57,1,290.13,4.12
08-06-2017 08:59,1,290.87,2.6
08-06-2017 09:00,1,290.13,4.12
08-06-2017 09:02,1,290.87,2.6
08-06-2017 09:03,1,290.13,4.12
08-06-2017 09:05,1,290.87,2.6
08-06-2017 09:06,1,289.63,2.6
08-06-2017 09:08,1,290.87,2.6
08-06-2017 09:11,1,289.63,2.6
08-06-2017 09:12,1,289.63,2.6
08-06-2017 09:14,1,289.63,2.6
08-06-2017 09:16,1,289.63,2.6
08-06-2017 09:17,1,289.63,2.6
08-06-2017 09:19,1,289.63,2.6
08-06-2017 09:20,1,289.63,2.6
08-06-2017 09:22,1,289.63,2.6
08-06-2017 09:24,1,289.63,2.6
08-06-2017 09:26,1,289.63,2.6
08-06-2017 09:27,1,289.63,2.6
08-06-2017 09:30,1,289.63,2.6
08-06-2017 09:32,1,289.63,2.6
08-06-2017 09:34,1,289.63,2.6
08-06-2017 09:35,1,289.63,2.6
08-06-2017 09:37,1,289.63,2.6
08-06-2017 09:39,1,289.64,3.6
08-06-2017 09:40,1,289.63,2.6
08-06-2017 09:42,1,289.64,3.6
08-06-2017 09:43,1,289.63,2.6
08-06-2017 09:45,1,289.64,3.6
08-06-2017 09:47,1,289.63,2.6
08-06-2017 09:50,1,289.64,3.6
08-06-2017 09:51,1,289.63,2.6
08-06-2017 09:53,1,289.64,3.6
08-06-2017 09:54,1,289.63,2.6
08-06-2017 09:56,1,289.64,3.6
08-06-2017 09:57,1,289.63,2.6
08-06-2017 09:59,1,289.64,3.6
08-06-2017 10:01,1,289.63,2.6
08-06-2017 10:03,1,289.38,1.5
08-06-2017 10:04,1,289.63,2.6
08-06-2017 10:06,1,289.38,1.5
08-06-2017 10:09,1,289.63,2.6
08-06-2017 10:10,1,289.38,1.5
08-06-2017 10:12,1,289.63,2.6
08-06-2017 10:14,1,289.38,1.5
08-06-2017 10:15,1,289.38,1.5
08-06-2017 10:17,1,289.38,1.5
08-06-2017 10:18,1,289.38,1.5
08-06-2017 10:20,1,289.38,1.5
08-06-2017 10:21,1,289.38,1.5
08-06-2017 10:23,1,289.38,1.5
08-06-2017 10:24,1,289.38,1.5
08-06-2017 10:27,1,289.38,1.5
08-06-2017 10:29,1,289.38,1.5
08-06-2017 10:31,1,289.38,1.5
08-06-2017 10:32,1,289.38,1.5
08-06-2017 10:34,1,289.38,1.5
08-06-2017 10:35,1,289.38,1.5
08-06-2017 10:37,1,289.38,1.5
08-06-2017 10:39,1,289.38,1.5
08-06-2017 10:40,1,289.3,3.57
08-06-2017 10:42,1,289.38,1.5
08-06-2017 10:43,1,289.3,3.57
08-06-2017 10:46,1,289.38,1.5
08-06-2017 10:48,1,289.3,3.57
08-06-2017 10:49,1,289.38,1.5
08-06-2017 10:51,1,289.3,3.57
08-06-2017 10:53,1,289.38,1.5
08-06-2017 10:54,1,289.3,3.57
08-06-2017 10:56,1,289.38,1.5
08-06-2017 10:57,1,289.3,3.57
08-06-2017 10:59,1,289.38,1.5
08-06-2017 11:00,1,289.3,3.57
08-06-2017 11:02,1,289.38,1.5
08-06-2017 11:05,1,289.47,1.5
08-06-2017 11:06,1,289.38,1.5
08-06-2017 11:08,1,289.47,1.5
08-06-2017 11:09,1,289.38,1.5
08-06-2017 11:11,1,289.47,1.5
08-06-2017 11:13,1,289.47,1.5
08-06-2017 11:14,1,289.38,1.5
08-06-2017 11:16,1,289.47,1.5
08-06-2017 11:17,1,289.47,1.5
08-06-2017 11:19,1,289.47,1.5
08-06-2017 11:20,1,289.47,1.5
08-06-2017 11:23,1,289.47,1.5
08-06-2017 11:25,1,289.47,1.5
08-06-2017 11:26,1,289.47,1.5
08-06-2017 11:28,1,289.47,1.5
08-06-2017 11:29,1,289.47,1.5
08-06-2017 11:31,1,289.47,1.5
08-06-2017 11:33,1,289.47,1.5
08-06-2017 11:34,1,289.47,1.5
08-06-2017 11:36,1,289.47,1.5
08-06-2017 11:37,1,289.47,1.5
08-06-2017 11:39,1,289.47,3.57
08-06-2017 11:42,1,289.47,1.5
08-06-2017 11:43,1,289.47,3.57
08-06-2017 11:45,1,289.47,1.5
08-06-2017 11:47,1,289.47,3.57
08-06-2017 11:48,1,289.47,1.5
08-06-2017 11:50,1,289.46,3.57
08-06-2017 11:51,1,289.47,1.5
08-06-2017 11:53,1,289.46,3.57
08-06-2017 11:54,1,289.47,1.5
08-06-2017 11:56,1,289.46,3.57
08-06-2017 11:57,1,289.47,1.5
08-06-2017 12:00,1,291.42,3.1
08-06-2017 12:02,1,289.47,1.5
08-06-2017 12:04,1,291.42,3.1
08-06-2017 12:05,1,289.47,1.5
08-06-2017 12:07,1,291.42,3.1
08-06-2017 12:09,1,289.47,1.5
08-06-2017 12:10,1,291.42,3.1
08-06-2017 12:12,1,289.47,1.5
08-06-2017 12:13,1,289.47,1.5
08-06-2017 12:15,1,291.42,3.1
08-06-2017 12:16,1,289.47,1.5
08-06-2017 12:20,1,291.42,3.1
08-06-2017 12:21,1,291.42,3.1
08-06-2017 12:23,1,291.42,3.1
08-06-2017 12:24,1,291.42,3.1
08-06-2017 12:26,1,291.42,3.1
08-06-2017 12:28,1,291.42,3.1
08-06-2017 12:29,1,291.42,3.1
08-06-2017 12:31,1,291.42,3.1
08-06-2017 12:32,1,291.42,3.1
08-06-2017 12:34,1,291.42,3.1
08-06-2017 12:35,1,291.42,3.1
08-06-2017 12:39,1,291.42,3.1
08-06-2017 12:40,1,291.51,2.6
08-06-2017 12:42,1,291.42,3.1
08-06-2017 12:43,1,291.51,2.6
08-06-2017 12:45,1,291.42,3.1
08-06-2017 12:46,1,291.51,2.6
08-06-2017 12:48,1,291.42,3.1
08-06-2017 12:50,1,291.51,2.6
08-06-2017 12:51,1,291.42,3.1
08-06-2017 12:53,1,291.5,2.6
08-06-2017 12:55,1,291.42,3.1
08-06-2017 12:58,1,291.5,2.6
08-06-2017 13:00,1,291.42,3.1
08-06-2017 13:01,1,291.5,2.6
08-06-2017 13:03,1,291.42,3.1
08-06-2017 13:04,1,292.78,1.5
08-06-2017 13:06,1,291.42,3.1
08-06-2017 13:07,1,292.78,1.5
08-06-2017 13:09,1,291.42,3.1
08-06-2017 13:10,1,292.78,1.5
08-06-2017 13:12,1,291.42,3.1
08-06-2017 13:13,1,291.42,3.1
08-06-2017 13:17,1,292.78,1.5
08-06-2017 13:18,1,291.42,3.1
08-06-2017 13:20,1,292.78,1.5
08-06-2017 13:21,1,291.42,3.1
08-06-2017 13:23,1,292.78,1.5
08-06-2017 13:24,1,292.78,1.5
08-06-2017 13:26,1,292.78,1.5
08-06-2017 13:27,1,292.78,1.5
08-06-2017 13:29,1,292.78,1.5
08-06-2017 13:30,1,292.78,1.5
08-06-2017 13:32,1,292.78,1.5
08-06-2017 13:36,1,292.78,1.5
08-06-2017 13:37,1,292.78,1.5
08-06-2017 13:39,1,292.78,1.5
08-06-2017 13:41,1,292.78,3.1
08-06-2017 13:42,1,292.78,1.5
08-06-2017 13:44,1,292.78,3.1
08-06-2017 13:45,1,292.78,1.5
08-06-2017 13:47,1,292.78,3.1
08-06-2017 13:49,1,292.78,1.5
08-06-2017 13:50,1,292.78,3.1
08-06-2017 13:52,1,292.78,1.5
08-06-2017 13:55,1,292.78,3.1
08-06-2017 13:56,1,292.78,1.5
08-06-2017 13:58,1,292.78,3.1
08-06-2017 13:59,1,292.78,1.5
08-06-2017 14:01,1,292.78,3.1
08-06-2017 14:02,1,292.78,1.5
08-06-2017 14:04,1,292.78,3.1
08-06-2017 14:06,1,292.78,1.5
08-06-2017 14:07,1,293.48,2.6
08-06-2017 14:09,1,292.78,1.5
08-06-2017 14:11,1,293.48,2.6
08-06-2017 14:14,1,293.48,2.6
08-06-2017 14:15,1,292.78,1.5
08-06-2017 14:17,1,293.48,2.6
08-06-2017 14:19,1,292.78,1.5
08-06-2017 14:20,1,293.48,2.6
08-06-2017 14:22,1,292.78,1.5
08-06-2017 14:23,1,293.48,2.6
08-06-2017 14:25,1,293.48,2.6
08-06-2017 14:26,1,293.48,2.6
08-06-2017 14:28,1,293.48,2.6
08-06-2017 14:29,1,293.48,2.6
08-06-2017 14:32,1,293.48,2.6
08-06-2017 14:34,1,293.47,2.6
08-06-2017 14:36,1,293.48,2.6
08-06-2017 14:37,1,293.47,2.6
08-06-2017 14:39,1,293.48,2.6
08-06-2017 14:40,1,293.47,2.6
08-06-2017 14:42,1,293.48,2.6
08-06-2017 14:44,1,293.47,2.6
08-06-2017 14:45,1,293.48,2.6
08-06-2017 14:47,1,293.47,2.6
08-06-2017 14:49,1,293.48,2.6
08-06-2017 14:52,1,293.47,2.6
08-06-2017 14:54,1,293.48,2.6
08-06-2017 14:55,1,293.47,2.6
08-06-2017 14:57,1,293.48,2.6
08-06-2017 14:59,1,293.47,2.6
08-06-2017 15:00,1,293.48,2.6
08-06-2017 15:02,1,293.47,2.6
08-06-2017 15:04,1,293.48,2.6
08-06-2017 15:05,1,293.47,2.6
08-06-2017 15:07,1,293.48,2.6
08-06-2017 15:08,1,293.47,2.6
08-06-2017 15:12,1,293.48,2.6
08-06-2017 15:13,1,295.06,2.1
08-06-2017 15:15,1,295.06,2.1
08-06-2017 15:17,1,293.48,2.6
08-06-2017 15:18,1,295.06,2.1
08-06-2017 15:20,1,293.48,2.6
08-06-2017 15:21,1,295.06,2.1
08-06-2017 15:23,1,293.48,2.6
08-06-2017 15:24,1,295.06,2.1
08-06-2017 15:26,1,295.06,2.1
08-06-2017 15:27,1,295.06,2.1
08-06-2017 15:31,1,295.06,2.1
08-06-2017 15:32,1,295.06,2.1
08-06-2017 15:34,1,295.06,2.1
08-06-2017 15:35,1,295.31,3.6
08-06-2017 15:37,1,295.06,2.1
08-06-2017 15:39,1,295.31,3.6
08-06-2017 15:40,1,295.06,2.1
08-06-2017 15:42,1,295.31,3.6
08-06-2017 15:43,1,295.06,2.1
08-06-2017 15:45,1,295.31,3.6
08-06-2017 15:46,1,295.06,2.1
08-06-2017 15:50,1,295.31,3.6
08-06-2017 15:51,1,295.06,2.1
08-06-2017 15:53,1,295.31,3.6
08-06-2017 15:55,1,295.06,2.1
08-06-2017 15:56,1,295.31,3.6
08-06-2017 15:58,1,295.06,2.1
08-06-2017 16:00,1,295.56,3.6
08-06-2017 16:02,1,295.06,2.1
08-06-2017 16:03,1,295.56,3.6
08-06-2017 16:05,1,295.06,2.1
08-06-2017 16:07,1,295.56,3.6
08-06-2017 16:10,1,295.06,2.1
08-06-2017 16:11,1,295.81,1.5
08-06-2017 16:13,1,295.06,2.1
08-06-2017 16:15,1,295.81,1.5
08-06-2017 16:17,1,295.81,1.5
08-06-2017 16:18,1,295.06,2.1
08-06-2017 16:20,1,295.81,1.5
08-06-2017 16:22,1,295.06,2.1
08-06-2017 16:23,1,295.81,1.5
08-06-2017 16:25,1,295.06,2.1
08-06-2017 16:26,1,295.81,1.5
08-06-2017 16:30,1,295.81,4.6
08-06-2017 16:31,1,295.81,1.5
08-06-2017 16:33,1,295.81,4.6
08-06-2017 16:34,1,295.81,4.6
08-06-2017 16:36,1,295.81,4.6
08-06-2017 16:38,1,295.81,4.6
08-06-2017 16:39,1,295.81,4.6
08-06-2017 16:41,1,295.81,4.6
08-06-2017 16:42,1,295.81,4.6
08-06-2017 16:44,1,295.81,4.6
08-06-2017 16:45,1,295.81,4.6
08-06-2017 16:48,1,295.81,4.6
08-06-2017 16:50,1,295.81,4.6
08-06-2017 16:52,1,295.81,4.6
08-06-2017 16:53,1,295.81,4.6
08-06-2017 16:55,1,295.81,4.6
08-06-2017 16:56,1,295.81,4.6
08-06-2017 16:58,1,295.81,4.6
08-06-2017 16:59,1,295.81,4.6
08-06-2017 17:01,1,296.51,1.5
08-06-2017 17:03,1,295.81,4.6
08-06-2017 17:04,1,296.51,1.5
08-06-2017 17:07,1,295.81,4.6
08-06-2017 17:09,1,296.51,1.5
08-06-2017 17:10,1,295.81,4.6
08-06-2017 17:12,1,296.51,1.5
08-06-2017 17:13,1,295.81,4.6
08-06-2017 17:15,1,296.51,1.5
08-06-2017 17:16,1,295.81,4.6
08-06-2017 17:18,1,295.81,4.6
08-06-2017 17:20,1,296.51,1.5
08-06-2017 17:21,1,295.81,4.6
08-06-2017 17:23,1,296.51,1.5
08-06-2017 17:26,1,295.81,4.6
08-06-2017 17:28,1,296.51,1.5
08-06-2017 17:30,1,295.81,4.6
08-06-2017 17:31,1,296.51,1.5
08-06-2017 17:33,1,296.51,2.6
08-06-2017 17:35,1,296.51,2.6
08-06-2017 17:37,1,296.51,2.6
08-06-2017 17:38,1,296.51,2.6
08-06-2017 17:40,1,296.51,2.6
08-06-2017 17:41,1,296.51,2.6
08-06-2017 17:43,1,296.51,2.6
08-06-2017 17:46,1,296.51,2.6
08-06-2017 17:48,1,296.51,2.6
08-06-2017 17:49,1,296.51,2.6
08-06-2017 17:51,1,296.51,2.6
08-06-2017 17:52,1,296.51,2.6
08-06-2017 17:54,1,296.51,2.6
08-06-2017 17:55,1,296.51,2.6
08-06-2017 17:57,1,296.51,2.6
08-06-2017 17:59,1,296.51,2.6
08-06-2017 18:00,1,296.51,2.6
08-06-2017 18:02,1,296.51,2.6
08-06-2017 18:05,1,296.51,2.6
08-06-2017 18:07,1,296.51,2.6
08-06-2017 18:09,1,296.51,2.6
08-06-2017 18:10,1,296.88,2.1
08-06-2017 18:12,1,296.51,2.6
08-06-2017 18:13,1,296.88,2.1
08-06-2017 18:15,1,296.51,2.6
08-06-2017 18:16,1,296.88,2.1
08-06-2017 18:18,1,296.51,2.6
08-06-2017 18:20,1,296.51,2.6
08-06-2017 18:21,1,296.87,2.1
08-06-2017 18:25,1,296.51,2.6
08-06-2017 18:26,1,296.87,2.1
08-06-2017 18:28,1,296.51,2.6
08-06-2017 18:30,1,296.87,2.1
08-06-2017 18:31,1,296.51,2.6
08-06-2017 18:33,1,296.65,3.1
08-06-2017 18:34,1,296.65,3.1
08-06-2017 18:36,1,296.65,3.1
08-06-2017 18:37,1,296.65,3.1
08-06-2017 18:39,1,296.65,3.1
08-06-2017 18:40,1,296.65,3.1
08-06-2017 18:44,1,296.65,3.1
08-06-2017 18:45,1,296.65,3.1
08-06-2017 18:47,1,296.65,3.1
08-06-2017 18:48,1,296.65,3.1
08-06-2017 18:50,1,296.65,3.1
08-06-2017 18:51,1,296.65,3.1
08-06-2017 18:53,1,296.65,3.1
08-06-2017 18:55,1,296.65,3.1
08-06-2017 18:56,1,296.65,3.1
08-06-2017 18:58,1,296.65,3.1
08-06-2017 18:59,1,296.65,3.1
08-06-2017 19:03,1,296.65,3.1
08-06-2017 19:04,1,296.65,3.1
08-06-2017 19:06,1,296.65,3.1
08-06-2017 19:08,1,296.81,3.32
08-06-2017 19:10,1,296.65,3.1
08-06-2017 19:11,1,296.81,3.32
08-06-2017 19:13,1,296.65,3.1
08-06-2017 19:14,1,296.81,3.32
08-06-2017 19:16,1,296.65,3.1
08-06-2017 19:17,1,296.81,3.32
08-06-2017 19:19,1,296.65,3.1
08-06-2017 19:22,1,296.65,3.1
08-06-2017 19:24,1,296.81,3.32
08-06-2017 19:25,1,296.65,3.1
08-06-2017 19:27,1,296.81,3.32
08-06-2017 19:28,1,296.65,3.1
08-06-2017 19:30,1,296.81,3.32
08-06-2017 19:31,1,296.65,3.1
08-06-2017 19:33,1,296.81,3.32
08-06-2017 19:34,1,296.73,4.6
08-06-2017 19:37,1,296.73,4.6
08-06-2017 19:38,1,296.73,4.6
08-06-2017 19:41,1,296.73,4.6
08-06-2017 19:43,1,296.73,4.6
08-06-2017 19:45,1,296.73,4.6
08-06-2017 19:46,1,296.73,4.6
08-06-2017 19:48,1,296.73,4.6
08-06-2017 19:50,1,296.73,4.6
08-06-2017 19:52,1,296.73,4.6
08-06-2017 19:53,1,296.73,4.6
08-06-2017 19:55,1,296.73,4.6
08-06-2017 19:57,1,296.73,4.6
08-06-2017 19:58,1,296.73,4.6
08-06-2017 20:02,1,296.73,4.6
08-06-2017 20:03,1,296.73,4.6
08-06-2017 20:05,1,296.73,4.6
08-06-2017 20:07,1,296.73,4.6
08-06-2017 20:08,1,296.73,4.6
08-06-2017 20:10,1,296.88,2.1
08-06-2017 20:12,1,296.73,4.6
08-06-2017 20:13,1,296.88,2.1
08-06-2017 20:15,1,296.73,4.6
08-06-2017 20:16,1,296.88,2.1
08-06-2017 20:18,1,296.73,4.6
08-06-2017 20:21,1,296.88,2.1
08-06-2017 20:22,1,296.88,2.1
08-06-2017 20:24,1,296.73,4.6
08-06-2017 20:26,1,296.88,2.1
08-06-2017 20:28,1,296.73,4.6
08-06-2017 20:29,1,296.88,2.1
08-06-2017 20:31,1,296.73,4.6
08-06-2017 20:32,1,296.78,4.6
08-06-2017 20:34,1,296.73,4.6
08-06-2017 20:35,1,296.78,4.6
08-06-2017 20:37,1,296.78,4.6
08-06-2017 20:40,1,296.78,4.6
08-06-2017 20:42,1,296.78,4.6
08-06-2017 20:43,1,296.78,4.6
08-06-2017 20:45,1,296.78,4.6
08-06-2017 20:47,1,296.78,4.6
08-06-2017 20:48,1,296.78,4.6
08-06-2017 20:50,1,296.78,4.6
08-06-2017 20:51,1,296.78,4.6
08-06-2017 20:53,1,296.78,4.6
08-06-2017 20:54,1,296.78,4.6
08-06-2017 20:56,1,296.78,4.6
08-06-2017 21:00,1,296.78,4.6
08-06-2017 21:01,1,296.78,4.6
08-06-2017 21:03,1,296.78,4.6
08-06-2017 21:04,1,296.78,4.6
08-06-2017 21:06,1,296.78,4.6
08-06-2017 21:07,1,297.06,3.1
08-06-2017 21:09,1,296.78,4.6
08-06-2017 21:11,1,297.06,3.1
08-06-2017 21:12,1,296.78,4.6
08-06-2017 21:14,1,297.06,3.1
